summary_date,score,score_stay_active,score_move_every_hour,score_meet_daily_targets,score_training_frequency,score_training_volume,score_recovery_time,cal_active,cal_total,daily_movement,inactivity_alerts,steps,non_wear,rest,inactive,low,medium,high,average_met,met_min_inactive,met_min_low,met_min_medium,met_min_high,target_calories,target_km,target_miles,to_target_km,to_target_miles,day_start,day_end,class_5min,weight
11/8/23,86,96,100,60,71,96,100,508,2193,11466,0,8989,75,445,343,488,87,2,1.65625,10,262,256,14,350,9,5.592339,-3.9,-2.4233469,2023-11-08T04:00:00-08:00,2023-11-09T03:59:59-08:00,112222222221111111111111111121211122223333232333220000000023333233333332333322222223333333323333333333333333334333333333333433334333332232333333333333444444444444433333333333233333343233223323223400000232222222221111111121111111211221222212112212211212122112211212222211212211112211111111,500
11/9/23,87,81,100,78,71,96,97,307,1972,6560,0,8032,132,398,503,380,26,1,1.5,14,215,92,6,200,6,3.728226,-2.6,-1.6155646,2023-11-09T04:00:00-08:00,2023-11-10T03:59:59-08:00,222211212222000423222232333333333333332233322234222222223322233332233333333333333333333333333332322333223333222222222222233332343222222332233233332222232222322222222340000000000000000000000022223333422222111111211122121111121111211122122111111111211111112221111221111111111111111111112111,
11/10/23,94,73,100,95,96,96,100,361,2057,7939,0,8905,88,317,575,412,48,0,1.5625,14,221,150,0,250,6,3.728226,-2.7,-1.6777017,2023-11-10T04:00:00-08:00,2023-11-11T03:59:59-08:00,111122222033323332333222332233222222223332333223332222222322222222332233333233333232233333333222233344232322222332222332233333333333333334223343332332222233344333333000423422233222222332333422223222222334323322211111111111111111112211111221111111111121111111111111111111211112000000000000,
11/11/23,98,100,100,95,96,96,100,170,1733,3954,0,4530,635,337,308,134,25,1,1.3125,9,85,81,6,350,9,5.592339,4.6,2.8583066,2023-11-11T04:00:00-08:00,2023-11-12T03:59:59-08:00,000000000000000000000000000000000000000000000000000000000000000000000000000000000000000000000000000000000000000000000000003333343344433343223232333223222232322232343333232222243222222322223322000002222222111111111111111112112211122121111112112221112211112111112211112121111221111111111111,
11/12/23,92,100,100,78,96,90,100,34,1520,794,0,925,651,521,226,39,3,0,1.15625,1,25,10,0,350,9,5.592339,8.1,5.0331051,2023-11-12T04:00:00-08:00,2023-11-13T03:59:59-08:00,111111111111111111111112111122211123222211111111111111211111111111122233333222222000000023330000000000000000000000000000000000000000000000000000000000000000000000000000000000000000000000000000000000000000000000000022233222221111111122112111121122212212222122222111111212221221221111221221,
11/13/23,92,82,100,95,96,73,100,294,1988,5571,0,8325,193,321,404,507,15,0,1.5,12,251,50,0,200,6,3.728226,-2.2,-1.3670162,2023-11-13T04:00:00-08:00,2023-11-14T03:59:59-08:00,112221121112211111222222111122222222233333333233223322220333333323342223333333233223333222222233333333333222224322222333333333333333333333333333333333333333333323332222322222233333333333333332223322232003000002223322221111111111111122111111111211212222211111120000000000000000000000000000,
11/14/23,84,93,100,78,71,59,100,245,1912,4936,0,6673,362,252,421,386,19,0,1.46875,13,188,59,0,350,9,5.592339,2.7,1.6777017,2023-11-14T04:00:00-08:00,2023-11-15T03:59:59-08:00,000000000000000000000000000000000000000000000000000000000000000000000333222222223333322222222223322233333333233333333232223333234222322333332233333233333322333222333222332333333333333323333333223323333333333322220002222232222221111111211111111222221111121211111222212111112111111112111111,
11/15/23,80,90,100,78,40,54,100,269,1936,5307,0,7376,264,297,455,403,19,2,1.46875,13,201,59,14,200,6,3.728226,-1.6,-0.9941936,2023-11-15T04:00:00-08:00,2023-11-16T03:59:59-08:00,112111111111111111221211222222320000323332222222232232222223333323333333233333222233333333322333333333333233323323333232222223432233322223222222223232424233333332333333233323333333332000000000000000000000000000000000000000000000003232222221111211311111111111211111221222221222222222221111,498
11/16/23,86,94,100,78,71,67,100,389,2067,7719,0,9735,44,486,369,491,48,2,1.5625,17,245,140,13,200,6,3.728226,-4.6,-2.8583066,2023-11-16T04:00:00-08:00,2023-11-17T03:59:59-08:00,111112222222111111211111111221122111122332220000033333233432332333332333332233233333333333333333333333223433333333333233322223333333333334342333333333333333323233323332233334323523222223443322222322334343211111200042222222111111111111111122111221112111111221222221111111111111111111111221,
11/17/23,78,88,100,60,40,69,100,297,1972,6104,0,7884,250,300,453,414,22,1,1.5,15,223,72,7,350,9,5.592339,1.4,0.8699194,2023-11-17T04:00:00-08:00,2023-11-18T03:59:59-08:00,111111111112221112000000000000000000000000000000000000000000003422323222322233222233333223322333333333333332243333333333333333233333333333333333332223333333322222222222333333333222323232232323233222233342233332342233000002223322222211222121122221111111121111122111111111121211111111111111,
11/18/23,74,64,95,60,40,73,100,233,1844,5502,1,5680,111,415,646,242,24,2,1.40625,10,142,83,13,350,9,5.592339,3,1.864113,2023-11-18T04:00:00-08:00,2023-11-19T03:59:59-08:00,111111111111111111121221222111111111122211111112211111111222223300000033423332222222233222223223333322233233222222222333233333222223222221133232322233323322322222223322222222232233232222232233322333332232232332233000000000000000342222222222222222222111112211112212121111111112112323422221,
11/19/23,86,78,100,78,71,85,100,345,2005,7666,0,8547,70,472,492,366,37,3,1.5,15,206,125,22,200,5,3.106855,-3.5,-2.1747985,2023-11-19T04:00:00-08:00,2023-11-20T03:59:59-08:00,222222222111111111111111221111111111111111211211111233333000233322233334333343444442323323321222222322333333223232223333222333323323233233322222232222233332222222233233323323333323332222243322334333300000000002233332332222222222221111111111122111222322222211111111111111111111111112222221,
11/20/23,89,70,100,78,96,96,100,565,2320,13411,0,12815,24,208,599,535,70,4,1.75,17,331,227,26,200,5,3.106855,-9.1,-5.6544761,2023-11-20T04:00:00-08:00,2023-11-21T03:59:59-08:00,222222222203343223334332333333223322222232322222222233232333323333322223322322322232323343332322233332232233434333223222323322233223334333333223333232222332223333233223433333333333333323344333232343333344444333223233333333322200032223232322223232222111111111111111111211121111111112111111,
11/21/23,94,83,100,95,96,96,97,311,1967,6646,0,7816,148,374,471,424,23,0,1.46875,12,236,84,0,100,4,2.485484,-5.2,-3.2311292,2023-11-21T04:00:00-08:00,2023-11-22T03:59:59-08:00,111121112211122222422222222222222000000000000000000000000033332333323333332322333332234332333233333333333333333343333332322333333333333332232222332233222222122223222222222344222222222223333323333332333223332000022332222222222221111111121121112111211111111111111111111122211111111111111111,
11/22/23,98,100,100,95,96,95,100,152,1702,3290,0,3577,461,551,233,180,14,1,1.28125,7,103,45,6,150,4,2.485484,0,0,2023-11-22T04:00:00-08:00,2023-11-23T03:59:59-08:00,111111111221121211111112111111111111111112111111222233222000000000023332322333333222222344433333333333233333333323323323322222221111122222333233200000000000000000000000000000000000000000000000000000000000000000000000000000000032111111111111221111111111111211111211111111111111111112111111,494
11/23/23,89,71,100,95,71,84,100,210,1815,4587,0,5443,158,433,578,252,19,0,1.375,12,146,66,0,150,5,3.106855,-1.4,-0.8699194,2023-11-23T04:00:00-08:00,2023-11-24T03:59:59-08:00,111111111112111111111111112112111111111112222212222222222211111112222213332333000033222333322221111122222222212122223333332233333333322322222222222111113322232222234323423332222222333322233333322322333222222233222224333223332233034222222221111111112211111111111120000000000000000000000000,
11/24/23,97,86,100,100,96,95,100,434,2088,10509,0,8790,297,233,488,352,70,0,1.59375,7,211,244,0,350,9,5.592339,-2,-1.242742,2023-11-24T04:00:00-08:00,2023-11-25T03:59:59-08:00,000000000000000000000000000000000000000000000000000000033222233322322222322222222223322323333333222323323233332334334434444322434333343333333222233322322322222334332222233223233233332342333233333333433434000032222222233111111112112111112111112121211111122221221222122112221122212121111111,
11/25/23,97,100,100,100,96,82,100,12,1505,279,0,306,942,327,151,18,2,0,1.15625,0,7,5,0,350,9,5.592339,8.6,5.3437906,2023-11-25T04:00:00-08:00,2023-11-26T03:59:59-08:00,111112111111111111111121200000000000000000000000000000000000000000000000000000000000000000000000000000000000000000000000000000000000000000000000000000000000000000000000000000000000000000000000000000000000000003222321000011322222111111111211121221211211122222212111222121122111122121121111,
11/26/23,89,69,100,100,71,75,100,240,1880,5030,0,5993,271,360,470,317,22,0,1.4375,12,169,74,0,200,6,3.728226,-0.9,-0.5592339,2023-11-26T04:00:00-08:00,2023-11-27T03:59:59-08:00,111111111111111111122112122212121122222221221112112111111120000003322332333322222222222232222222223323233322322333222323423333323333333333332333323333222222222222233333333333322223333234332233233443222200000032233222222222221222111222211121122121100000000000000000000000000000000000000000,
11/27/23,85,86,100,95,40,65,100,197,1853,3720,0,5170,462,190,484,292,11,1,1.40625,16,149,38,6,350,9,5.592339,3.9,2.4233469,2023-11-27T04:00:00-08:00,2023-11-28T03:59:59-08:00,000000000000000000000000000000000000000000000000000000000000000000000000000233220232333433333332223323332333323333232332233323222232233232333323322223223223323333433222222223323333300000000000000033422333333333332223222222222211111111111111222222222221112122122221211122222221122221111111,
11/28/23,83,76,100,95,40,59,100,241,1902,4414,0,6385,71,405,550,400,12,2,1.4375,15,188,41,13,200,5,3.106855,-0.9,-0.5592339,2023-11-28T04:00:00-08:00,2023-11-29T03:59:59-08:00,111211111111111111110033332222233333333222222222332112222342212332333333333333333333333333323333222333323333333333333332233333333233333432232222222232233222333333333322222222000022222220000000022222333222222222233221111112212112211221111112221122111121112221221122211212111111111111111111,
11/29/23,81,99,100,78,40,54,100,303,1994,5364,0,8022,307,302,315,498,17,1,1.5,17,248,52,6,350,9,5.592339,1.2,0.7456452,2023-11-29T04:00:00-08:00,2023-11-30T03:59:59-08:00,111200000000000000000000000000000003322232223332222222222222233233343333333333333333333333323333323222223333333333333333333333333333333333333333333333333333333333343333423232323333323300000000000000000000000000000222111222221111111111111211111112121223212121112111111211212111112111111111,495
11/30/23,76,95,100,60,40,53,100,283,1942,5440,0,7656,187,447,354,431,20,1,1.46875,13,219,63,7,350,9,5.592339,1.7,1.0563307,2023-11-30T04:00:00-08:00,2023-12-01T03:59:59-08:00,111111111111111111112111211112211111121122223223322004222222223223223222333333333333322233333333333222333333333333333333333333333333333333333222223333323333433222322232322222222233333333333322200000000002422222222222111111111111111111112111212111111111111111111111000000000000000000000000,
12/1/23,68,97,100,43,1,49,100,271,1937,5321,0,7154,334,314,353,424,15,0,1.46875,14,225,50,0,350,9,5.592339,2.1,1.3048791,2023-12-01T04:00:00-08:00,2023-12-02T03:59:59-08:00,000000000000000000000000000000000000000000000000000000022322233332323433333333333323333323333332334333323333232333333333333333333332333332333222222323333222222223333333333333233333333333332000000000002222233222222222211111111111112121112122112211211111111111111111111221111111111111111111,
12/2/23,74,94,100,43,40,70,100,295,1868,6769,0,6828,216,584,394,198,43,5,1.40625,10,125,146,33,350,9,5.592339,1.4,0.8699194,2023-12-02T04:00:00-08:00,2023-12-03T03:59:59-08:00,121111112111111111111111111111111112231111111221121221111211111212122221113332200023222333333434333222122321111111112221111111223333223322222235444323222333332232233333322223433333333222233432000332222222222112113332211111222111111111111111111111122220000000000000000000000000000000000000,
12/3/23,72,100,100,25,40,80,100,199,1737,4979,0,5055,711,345,225,119,39,1,1.3125,2,84,119,7,350,9,5.592339,3.9,2.4233469,2023-12-03T04:00:00-08:00,2023-12-04T03:59:59-08:00,000000000000000000000000000000000000000000000000000000000000000000000000000000000000000000000000000000000000000000000000000000000000000433333334232333443434322222442323323222233000002222233222232112233222221111111111111111111111121111221221121112112111211112222211111111211111111111111211,
12/4/23,70,93,100,25,40,73,100,218,1862,3834,0,6109,194,489,354,394,9,0,1.40625,14,187,31,0,350,9,5.592339,3.4,2.1126614,2023-12-04T04:00:00-08:00,2023-12-05T03:59:59-08:00,112111222222111222221111111111122121211111111122112332320000033333333333322222223223333333333323333323333333332233323333333333333333332333323223333333333333223322222322333323333000000000000000000000000000000000021223322332211111111211112111111122122222112212211111221221111221112111111111,
12/5/23,63,93,100,1,40,66,100,213,1811,4342,0,5643,129,570,414,315,12,0,1.34375,10,178,39,0,350,9,5.592339,3.5,2.1747985,2023-12-05T04:00:00-08:00,2023-12-06T03:59:59-08:00,112111112111112211111121111112211111111111111112222222230000000000000000033232223223333333333333333333333333333333232333333333333333333333332223333232222322233434333332222200001111232212222000233302222221111221222222212111111211111111221112211111122111111111121211221121111111121111111111,
12/6/23,70,93,100,25,40,69,100,419,2139,8778,0,10799,132,311,411,556,30,0,1.625,19,320,107,0,200,6,3.728226,-5.4,-3.3554034,2023-12-06T04:00:00-08:00,2023-12-07T03:59:59-08:00,111111111112222221111203333222222222233432333332333333333322333323333333233333333222223333333333334333333333333233333333333223222222323223333333334433333323333332233333333422233323333333343222222333330000000000000000000000003222222221111111121111111212222211121222211111111111111111111111,490
12/7/23,75,64,100,43,71,83,100,404,2094,9462,0,9799,30,325,663,371,46,5,1.59375,17,237,142,35,200,5,3.106855,-5,-3.106855,2023-12-07T04:00:00-08:00,2023-12-08T03:59:59-08:00,111212222252222222202333222222222233334222233211122222222222222222223222222223333223333333322223223333333322233333333323233322333333322222223332223322234444323322333333343323332232222332233432223322222000033244222222222111111211221111211221211122212211222111111111111111111111211121211111,
12/8/23,77,100,100,43,71,68,97,40,1526,925,0,1066,753,481,154,50,2,0,1.15625,1,33,9,0,350,9,5.592339,7.9,4.9088309,2023-12-08T04:00:00-08:00,2023-12-09T03:59:59-08:00,111111211111111111111111111111111111233323333231100000000000000000000000000000000000000000000000000000000000000000000000000000000000000000000000000000000000000000000000000000000000222222222222223000000000000000000032221223222221111111112211111111111111111111111111111111112211111111111111,
12/9/23,85,95,100,60,71,94,100,494,2167,11660,0,11805,179,401,408,382,68,2,1.625,18,266,228,14,200,6,3.728226,-7.3,-4.5360083,2023-12-09T04:00:00-08:00,2023-12-10T03:59:59-08:00,111111121111111111111111211211112332211111111111122122333322333322332233444343332122333344443333334333322222232233222222333334343322211111111111111333333332333333333333323332322222332333433300023333332222222222322232322233233222243211221111111111111111121100000000000000000000000000000000,
12/10/23,84,100,100,60,71,79,100,31,1537,713,0,930,860,332,201,45,2,0,1.15625,2,26,5,0,350,9,5.592339,8.1,5.0331051,2023-12-10T04:00:00-08:00,2023-12-11T03:59:59-08:00,000000000000000000000000000000000000000000000000000000000000000000000000000000000000000000000000000000000000000000000000000000000000000000000000000000000000000000000000233232222111111120033333222222022222221222223222222111111111221111111111122222222212111111111121111111121112111111111111,
12/11/23,85,81,100,78,71,73,100,279,1950,5543,0,7719,106,432,463,421,17,1,1.46875,17,221,53,6,200,6,3.728226,-1.9,-1.1806049,2023-12-11T04:00:00-08:00,2023-12-12T03:59:59-08:00,111232322111111111111111111121122112111111111122222332233332323333333022232233333333232333223333233223222322323333222233233333223333332233233333333333233332333332232223332232234433333322222220000033332322223322233421122221111132211111111112111112211221222111122221112211111200000000000000,
12/12/23,86,94,100,78,71,72,100,321,1981,7187,0,8465,336,277,416,385,25,1,1.5,11,238,86,7,350,9,5.592339,0.8,0.4970968,2023-12-12T04:00:00-08:00,2023-12-13T03:59:59-08:00,000000000000000000000000000000000000000000000000000033333233333333323332222222333233322222232343333322222234333333333333333333333432333322220002333333232323333333322223323323332232200022222333332220000000342222233222111111111111121111122112211112212111222121111111111122221221221111111211,
12/13/23,81,100,100,60,71,62,100,86,1588,1845,0,1978,723,502,107,96,11,1,1.1875,2,47,37,6,250,6,3.728226,4.2,2.6097582,2023-12-13T04:00:00-08:00,2023-12-14T03:59:59-08:00,111211131111111111111111111112332222333222111111111111112233233000000000000000000000000000000000000000000000000000000000000000000000000000000000000000000000000000000000000000000000000000000000000033333333430000000333200003222211111111111211111111111211222211111121121211111112111111111111,487
12/14/23,86,99,100,60,71,96,100,703,2385,17152,0,17595,63,449,317,490,119,2,1.78125,7,353,374,14,350,9,5.592339,-8.8,-5.4680648,2023-12-14T04:00:00-08:00,2023-12-15T03:59:59-08:00,111121111111111111111111111212211111211112233323222000000003342222222232333343333333334343333333333344433333443333344333433333433344433444444334334323322243332332233333232322233333333332223333333343322322330002322333333212211111111111111111212122122222112111111111221122111122133221111111,
12/15/23,86,100,100,60,71,95,100,6,1481,160,0,108,820,472,145,2,1,0,1.125,1,3,3,0,350,9,5.592339,8.8,5.4680648,2023-12-15T04:00:00-08:00,2023-12-16T03:59:59-08:00,111111111121121111111111120000000000000000000000000000000000000000000000000000000000000000000000000000000000000000000000000000000000000000000000000000000000000000000000000000000000000000002222222221222222222221111111111111121211111111221112111111111221111111111111111122111121111112111111,
12/16/23,77,93,100,43,40,92,100,222,1773,5636,0,4675,178,638,421,172,30,1,1.3125,8,136,86,6,400,11,6.835081,4.6,2.8583066,2023-12-16T04:00:00-08:00,2023-12-17T03:59:59-08:00,111111111111112111111111111211111111111121111112222112213300033322232223222222222111111111111233322233232223222332343433334434233323222322233222222233332422222223332222222220000000000000000000000000000000222222233211111111111111111111111111112122122111111211111111111112111222122111111111,
12/17/23,77,94,100,43,40,88,100,226,1800,5459,0,5522,417,440,328,234,20,1,1.34375,6,157,71,6,350,9,5.592339,3.2,1.9883872,2023-12-17T04:00:00-08:00,2023-12-18T03:59:59-08:00,111111111111111111111111111111111111111112211233211111213222121111111111222112233333333003334432222111233333333233333322332322323322222222222223322323233332200000023322000000002223333333200000000004222222222222332332222222221111111200000000000000000000000000000000000000000000000000000000,
12/18/23,80,89,100,43,71,95,100,416,2117,9351,0,10380,270,237,450,424,59,0,1.59375,19,240,184,0,350,9,5.592339,-1.5,-0.9320565,2023-12-18T04:00:00-08:00,2023-12-19T03:59:59-08:00,000000000000000000000000000000000000000000003332222222333333233343332223332333332333322333443333333333333443333332333433333323332333333233333333323332332334332222234322233222223233434333333222342222000000000322222222111121112333222221111111112211112221121222121121122112221111111111111111,
12/19/23,76,71,100,43,71,85,100,161,1700,3879,0,4197,123,563,570,164,20,0,1.28125,5,109,58,0,400,11,6.835081,6.1,3.7903631,2023-12-19T04:00:00-08:00,2023-12-20T03:59:59-08:00,122222122111111112222222212111122221111111111111222322222222223443302000032222202222221111111233433332222233322322333322222212111111111111122111122333222221212333222212222222433222222222330000000000000000233211203322233222233222222222222211111121111211111122221112221122211111111212211111,
12/20/23,75,70,100,43,71,78,100,204,1850,4106,0,5063,191,349,611,269,19,1,1.40625,16,129,66,6,350,9,5.592339,3.8,2.3612098,2023-12-20T04:00:00-08:00,2023-12-21T03:59:59-08:00,111122211211111110000000000000000000000000000000032222223223322233333333233232333332232332333333333222222222222222332223422223422333322222232222223333333223222223333423222322222222333323233223222222200000032222221111111111111111122211111222221121111111122212211222222212211111221211111111,486
12/21/23,70,96,100,25,40,67,100,143,1710,3100,0,3971,447,440,385,150,17,1,1.28125,10,90,46,7,350,9,5.592339,5.3,3.2932663,2023-12-21T04:00:00-08:00,2023-12-22T03:59:59-08:00,211111111111111111111112111111111112222124330000432432233333343322322333222222232323322222322233333222322333333222333222322222222222120000000000000000000000000000000000000000000000000000000000000000000000000000000000000222222222211111111121211111111111121112111112212111112112222211112111,
12/22/23,73,82,100,25,71,80,100,348,1991,7878,0,8607,22,521,471,375,46,5,1.5,11,198,127,34,350,9,5.592339,0.1,0.0621371,2023-12-22T04:00:00-08:00,2023-12-23T03:59:59-08:00,111111111111111111211112221212112111221211112212333222034333323323333432323222222222223233232232243233222332323322322223333332333332222233342333233333333433224333222232233323333332333332333433333322233333322212003422222211111111111112111111211221111121112222111112111111111221111121121111,
12/23/23,74,90,95,25,71,82,100,285,1899,6834,1,7142,305,369,451,279,35,1,1.4375,9,182,107,7,350,9,5.592339,1.7,1.0563307,2023-12-23T04:00:00-08:00,2023-12-24T03:59:59-08:00,122211112111111111120000000000000000000000000000000000000000000000000000000003333222223433322213333333222232222232222222322222112211111222343322334432222233432333333333333223322223333222333233333333344400222221121101112222222222222211111222212211112122122211221221112211111111211122111111,
12/24/23,77,80,100,25,96,93,100,270,1822,6749,0,6255,195,558,479,160,47,1,1.375,5,118,156,8,350,9,5.592339,2.1,1.3048791,2023-12-24T04:00:00-08:00,2023-12-25T03:59:59-08:00,211111111111111111111212211111112111222111221122221111212111122211122000000000000322432233334332222121232322222112222333322332323333332443444443222222223233234323332233000000000000000000000000002222222222222222222222221111121122211222212221222222112112222212222222212211112222222221111111,
12/25/23,66,68,100,1,71,92,100,259,1842,6532,0,6495,155,406,619,231,29,0,1.375,7,170,98,0,350,9,5.592339,2.4,1.4912904,2023-12-25T04:00:00-08:00,2023-12-26T03:59:59-08:00,111111222111111111112112222111122211122121211112222133333000000000000003334422223333323222222222212322222333343343232332222223222232323222212222222322222334334433332333233223223321120000000000000000322222322222222322222222221111122221122221112222221122122222221112222212221221211111111121,
12/26/23,66,63,100,1,71,95,100,247,1841,5735,0,6233,106,449,633,216,36,0,1.375,8,135,120,0,350,9,5.592339,2.7,1.6777017,2023-12-26T04:00:00-08:00,2023-12-27T03:59:59-08:00,111111211111111111221211111111111122112111122222222222222222223333323320000432232223433332222222222234333333322222333222221221111222222332222233244323232223333223333333333333322222120002222232222222222222222222222222222221112221111222111211111111112121112111112111111212211100000000000000,
12/27/23,75,63,100,25,96,95,100,294,1937,6757,0,6879,210,289,622,271,48,0,1.46875,13,151,149,0,200,5,3.106855,-2.2,-1.3670162,2023-12-27T04:00:00-08:00,2023-12-28T03:59:59-08:00,000000000000000000000000000000003343232223333222222322233332222223222332232323332222221221111122222234423233224433222222234334333232222323323222222233322322212223222222222223443333333333323443333342222000000000322222222211122222222221111111112112222111112212222222111112221111111111211121,484
12/28/23,81,81,100,43,96,93,100,257,1845,6250,0,6324,98,572,493,253,24,0,1.375,10,185,78,0,200,6,3.728226,-1.3,-0.8077823,2023-12-28T04:00:00-08:00,2023-12-29T03:59:59-08:00,212111111111111111111112211111121211112211111111111222111121111000000333333232223333222333333431222323332233222221112122122233332233322222222233334334333433222222222223222222232222232222233433332233330000000000000221112322122222211111111111111121222211122111222122111111111211111112121111,
12/29/23,77,78,100,43,71,82,100,201,1791,4559,0,5164,91,615,488,226,20,0,1.34375,13,137,64,0,350,9,5.592339,3.8,2.3612098,2023-12-29T04:00:00-08:00,2023-12-30T03:59:59-08:00,111221111111111111111111112111111122211111111111111211222222112223322000332233322333222222223233222223322333233323332333332223322222333222222333323323334332222222222222322223222223222323333322223300000000000000022111122111111111112111111111111111111221111212222222211121111111121112121111,
12/30/23,75,66,100,43,71,83,100,240,1844,5543,0,5974,110,462,612,221,33,2,1.375,9,127,107,13,350,9,5.592339,2.8,1.7398388,2023-12-30T04:00:00-08:00,2023-12-31T03:59:59-08:00,111111111111111122111111111111222212111123222342000033323323232233332233223222333332222232222222222333333444233322223222222222322222222222222233334322222222232333222222233343323233223000000000000000002222222222222221212222111111122122321111121111221211122111222211222121111112211121112111,
12/31/23,81,94,100,43,71,95,100,296,1839,6941,0,6145,158,654,400,175,48,5,1.375,6,111,165,34,350,9,5.592339,1.4,0.8699194,2023-12-31T04:00:00-08:00,2024-01-01T03:59:59-08:00,111111111111111111111112112121222212222222111111111221111112111111112112113000000003433223223443222333333433333323223222213212222213321111112111111211111222333332323223445434323222220440002222222200000000000021122122222222233211211111111211111111111211232112222111111111111111121110000000,
1/1/24,81,96,100,43,71,90,100,198,1776,4398,0,4451,458,394,360,206,20,2,1.34375,7,129,61,13,350,9,5.592339,3.9,2.4233469,2024-01-01T04:00:00-08:00,2024-01-02T03:59:59-08:00,000000000000000000000000000000000000000000000000000000000000000000000000333222222332233211222222222222222222222233333333333544332322222322322221111111111233323332323323322333323333333332320000000000000000002222222211111111111111112111111211221211121122111111221111112112111111121111111111,
1/2/24,78,81,100,43,71,87,100,304,1987,5937,0,8340,111,395,500,409,24,1,1.5,20,216,81,6,350,9,5.592339,1.2,0.7456452,2024-01-02T04:00:00-08:00,2024-01-03T03:59:59-08:00,111111111112121112111122222320000003322333223432222222223332223322223423333223333223333333333332233322233333222333222233443322333343223333332222333333333333332232223333233232332233332222222333200000000000000021122222111111111121212212212111122112222111111111121111122122222111122112211111,
1/3/24,69,84,100,25,40,73,100,166,1750,3436,0,4514,200,552,446,234,8,0,1.3125,12,138,26,0,350,9,5.592339,4.7,2.9204437,2024-01-03T04:00:00-08:00,2024-01-04T03:59:59-08:00,111111111111211211111211211111121111221121111221112222222220033322232233333333322232333322222222332233323332333423332233323332222222222233323322333222223333223233000000000000000000000000000000000000002222222221111211111112111221222222121111112222222222111111112111112111211111111111111111,485
1/4/24,75,96,100,25,71,84,100,441,2130,9642,0,11196,89,414,383,499,54,1,1.59375,15,282,166,6,350,9,5.592339,-2.2,-1.3670162,2024-01-04T04:00:00-08:00,2024-01-05T03:59:59-08:00,111111111111121111111112111111211212211222200000002243232232222233323333323333322333433344443343333333333333334333332233333323233232222232233333334333333333323333333333333333333222333323332333334323322330000000000222332222222221111111111112112223112111222222221112222121121111221112211111,
1/5/24,76,81,100,43,71,72,100,223,1877,4333,0,6151,513,228,334,353,12,0,1.4375,11,189,38,0,200,6,3.728226,-0.4,-0.2485484,2024-01-05T04:00:00-08:00,2024-01-06T03:59:59-08:00,212112221111112111111111111111211111111111112222222222000000000000323322322233333323223323333323333323333333333333333333333332222233333222323233323333333333333333322222222222222223222233343233333333000000000000000000000000000000000000000000000000000000000000000000000000000000000000000000,
1/6/24,84,88,95,60,96,80,100,271,1866,6411,1,6479,395,365,417,217,45,1,1.40625,6,132,144,6,200,6,3.728226,-1.7,-1.0563307,2024-01-06T04:00:00-08:00,2024-01-07T03:59:59-08:00,000000000000000000000000000000000000000000000000000000000000000000000043233333223223333322343222221112111111111112111111221111222223443322223332223233443332233222221223234422222234332323232333433333300000003333322203422222222222222222222211111211111222221212122211111122111111112121111111,
1/7/24,75,59,78,60,71,73,100,176,1775,3953,2,4237,195,312,726,190,17,0,1.34375,10,122,56,0,200,6,3.728226,0.7,0.4349597,2024-01-07T04:00:00-08:00,2024-01-08T03:59:59-08:00,112212211111111111111111111111111111221221111211122000000000000000000000000000000000003332223322332333333223322222222222221111221132223333322223222232233232222222233222222333333332223432332232222233000223322222222222222222222222222222221222222222222222222122222223222332233222222222211111,
1/8/24,82,100,100,60,71,64,100,107,1674,1930,0,2771,720,295,253,163,8,1,1.28125,6,74,27,7,350,9,5.592339,6.2,3.8525002,2024-01-08T04:00:00-08:00,2024-01-09T03:59:59-08:00,111111211112121122200333222322233343232223333333333332232323223233232233333332233200000000000000000000000000000000000000000000000000000000000000000000000000000000000000000000000000000000000000000000000000000000000000000000022322222221121111122111112212112221111112111122121122111221111111,
1/9/24,81,64,100,78,71,64,100,247,1872,5827,0,6115,63,472,631,248,25,1,1.40625,14,164,79,6,150,4,2.485484,-2.3,-1.4291533,2024-01-09T04:00:00-08:00,2024-01-10T03:59:59-08:00,111111111111111111111111111112211122221222220443333322223222233333342222223333322232222222233322233222223333222223323333332233222233323323332222222233432222332233232222223222222222222222222222343322222330000000000032221111332222221111112211111211111111111111221111111111122221111111111111,
1/10/24,82,78,100,78,71,60,100,192,1800,4306,0,4858,300,388,526,209,16,1,1.375,13,135,50,7,200,6,3.728226,0.3,0.1864113,2024-01-10T04:00:00-08:00,2024-01-11T03:59:59-08:00,111111111111111111111111112112222212222300000000033332233222300232223323432223322222222222322222233433333333322222222234222222222223322222232222222222222233222333332233222222333333233333320000000000000000000000000000000000002222222222111111111111111112111111112111111111111111000000000000,483
1/11/24,81,85,100,78,40,69,100,350,2027,7845,0,8919,263,288,484,362,42,1,1.53125,16,217,134,7,150,4,2.485484,-4.9,-3.0447179,2024-01-11T04:00:00-08:00,2024-01-12T03:59:59-08:00,000000000000000000000000000000000000000000034334332222323222233333333333322333332323222222233322233332323233223333333333323332333343333333322333222323223233343222222222332322222233334433223442200000223000022222233222223212222111112211111111122121111112112111111111111111122111112111111111,
1/12/24,80,97,100,60,40,79,100,330,1957,7350,0,8033,240,505,310,344,41,0,1.46875,13,204,135,0,350,9,5.592339,0.6,0.3728226,2024-01-12T04:00:00-08:00,2024-01-13T03:59:59-08:00,112111112211111211212112211111111221212111122222233442223333023334443222332232222333332344333333333333323333222223333322222233332223333333333322333233333333333333343233120000000000000000000000000000000000000000000000032223322211111111111211211111111111121112121112212111111111111111121111,
1/13/24,72,99,100,43,1,77,100,145,1621,3565,0,3101,133,851,331,100,25,0,1.1875,3,76,76,0,350,9,5.592339,5.2,3.2311292,2024-01-13T04:00:00-08:00,2024-01-14T03:59:59-08:00,122111111111111111111111111111212111111121211111111122122112111121221112111111111111112211111111111111112333443323332332333322222221233334422222221111111111111121111111111111111320000000000000000000000000222434022222222322221111111111111112111211111211212222222221111211111111222222221221,
1/14/24,77,90,100,43,40,93,100,293,1836,7439,0,6704,360,524,347,159,42,8,1.375,4,133,123,52,350,9,5.592339,1.5,0.9320565,2024-01-14T04:00:00-08:00,2024-01-15T03:59:59-08:00,222111112212222221111111111111111111111121112111111111111111221122321111112333430323333533332223333222121111111111111122111111111112233333333222223343332222342223433322354222200022333222222222000000022112222222222111112222211221120000000000000000000000000000000000000000000000000000000000,
1/15/24,75,84,100,43,40,82,100,132,1699,2952,0,3342,509,234,518,171,7,1,1.3125,6,101,26,8,350,9,5.592339,5.6,3.4796776,2024-01-15T04:00:00-08:00,2024-01-16T03:59:59-08:00,000000000000000000000000000000000000000000000000000000000000000000000000000000000032233323232323233233333322333223333233332221111111111123232233233222222222222332233332232222220000000000000000000211222222232222222221122122222122112222222111222222222111211111221221211222212222222222211111,
1/16/24,73,80,100,43,40,77,100,266,1920,5468,0,6691,175,368,503,372,22,0,1.4375,13,193,77,0,200,6,3.728226,-1.5,-0.9320565,2024-01-16T04:00:00-08:00,2024-01-17T03:59:59-08:00,211221211111111111111112321222330000000000000323433223323322222233333333233333332333322222222222433332333333333333333343332223333333322222222222233333333333333333322223233322332222234000000000000000000000222222223222222222212111122111121111211111112211212221111211221122222211112211111111,
1/17/24,73,88,100,43,40,65,100,126,1599,2626,0,3382,47,172,101,177,8,0,1.5625,6,99,30,0,350,9,5.592339,5.7,3.5418147,2024-01-17T04:00:00-08:00,2024-01-18T03:59:59-08:00,1.12E+100,480